GroupID,Name,Description
0,ago,Such wear what drop especially possible brother likely.
1,stop,Matter century space pull force represent someone compare.
2,hour,Student anyone hard either ask ask pretty.
3,material,Option tell head building man.
4,last,Receive production customer.
5,range,City own really seven.
6,east,Deal weight road none skin think.
7,natural,Matter try water out whatever though.
8,film,Natural data report campaign.
9,in,Seat yet my hair environment couple firm year.
10,decide,Budget method generation front husband attention moment.
11,continue,Loss find grow above today ok.
12,rich,Middle great husband memory they boy.
13,probably,Surface act soldier.
14,increase,Available one eat sit.
15,without,Same fast single purpose road order issue easy.
16,wait,Focus example central the current night gun car.
17,rest,Republican notice program office tree stay.
18,speak,Glass drop surface tell project.
19,news,Also discuss attention yet such though.
20,upon,Room similar pressure.
21,nice,Tree even race matter computer local nature.
22,particular,Science that ask.
23,whose,Onto world decision several.
24,support,Trip wide never place answer your.
25,finish,Natural effect last along rather enjoy.
26,raise,Floor throughout single first instead.
27,event,Quickly others structure they hope likely.
28,party,Its local her evidence feel.
29,even,I apply Democrat them return.
30,sport,Station almost then once himself trial.
31,necessary,True question remember soon.
32,walk,Since spend letter recognize call plan evening.
33,cause,Example last success our to.
34,support,Fine truth morning.
35,watch,Drop opportunity ok reveal follow American we side.
36,including,Level reduce tell look.
37,company,Consumer tonight several six election put policy.
38,style,Hundred seat police current officer report feel public.
39,rather,Fine mention president rise age theory.
40,those,Really somebody until and weight kid remember.
41,interview,Mean religious benefit worker view outside because.
42,because,Have south heavy beautiful purpose protect.
43,air,More father miss must maintain.
44,job,Nearly movie long season notice group responsibility size.
45,hope,Plant improve pretty computer seek.
46,guess,Already strategy direction measure.
47,read,Where party him return without since idea here.
48,offer,More five study black.
49,yes,Discover home Mrs fly difference although where.
50,vote,Together morning always describe.
51,avoid,Stand turn what grow forward.
52,care,Continue call traditional including.
53,perform,So computer similar represent worry.
54,car,Continue response summer hotel manager.
55,how,Tax box standard land theory compare sea.
56,claim,Admit unit fish those base policy draw.
57,site,Away second already center she report.
58,mention,Dark report particularly movement.
59,best,Strong hospital brother mind audience newspaper.
60,woman,Month go investment finally black traditional keep.
61,morning,Century once finish find goal letter ground.
62,order,Every gas address.
63,car,Front security us Congress high.
64,debate,Need require why court able throw move.
65,dream,Student base first bar.
66,alone,Film floor act.
67,letter,Task everybody word woman.
68,coach,Lay table begin more modern.
69,thing,Heavy serious foot nor.
70,someone,Explain group attack action campaign.
71,away,Win smile green glass.
72,grow,Of foreign investment arrive.
73,three,Forward attention help fight hand top.
74,ask,In us win.
75,paper,Site similar save.
76,if,Pull thousand middle important one.
77,character,Smile power foreign bar.
78,people,Why yes all various discussion fact.
79,nearly,Election garden prevent reduce.
80,continue,Commercial style sometimes after.
81,within,House their gun strategy anyone kind important wish.
82,dark,Save beat big story decade.
83,eat,Be later art tree cup.
84,unit,Within soldier network.
85,argue,Worry well pay next in list key.
86,right,Hand leave that.
87,professor,Only hard toward building Mr send.
88,Congress,Energy me stuff case.
89,possible,Top job turn century.
90,never,Ability bit she lawyer.
91,focus,Wish impact newspaper open than.
92,stage,System among wife need.
93,expect,Us somebody want night traditional simply ok.
94,several,Fire shake language once behavior seek PM.
95,itself,Mention value group pretty interest however.
96,easy,Case start list audience their where person.
97,standard,Few policy word feeling.
98,if,Always pull though several travel case.
99,life,Trouble travel hundred feel.
100,little,Structure agency big better.
101,before,Away among audience expect back drug provide generation.
102,state,Phone federal particularly issue skin buy.
103,exactly,Matter probably meeting maybe.
104,front,Interest adult feel unit staff close might.
105,wonder,Something he morning.
106,stay,Would pick much compare point.
107,sure,Field citizen prove carry prevent actually ok.
108,each,Surface them mouth possible event quickly.
109,hundred,True country wear back street provide.
110,wish,Poor nothing any until deep others house.
111,whether,Apply out together guess kind.
112,benefit,Central model probably.
113,another,Often southern before benefit measure own notice.
114,option,People civil interesting attention surface there.
115,how,Road industry family stop ability thousand executive moment.
116,society,Country factor now table yard give.
117,game,Whom last share hundred use.
118,part,Short people individual subject.
119,alone,Student five business where magazine Republican.
120,very,Sit else to happy fast.
121,like,Product wait director.
122,subject,The over throughout forget.
123,fast,Reach while first military effect doctor.
124,tax,Friend able open save suffer consider.
125,particularly,Say ok tend baby collection later.
126,nothing,High money your together toward.
127,money,Establish fill machine.
128,piece,Pm later them knowledge throughout major.
129,process,Kitchen hot by forget city majority thank.
130,approach,Experience career field yet run establish.
131,dog,Up factor parent identify often.
132,provide,Travel only assume yourself outside very poor.
133,bed,Tend group drive create by.
134,market,Speak especially blue ground travel sport.
135,measure,Ago election remember tax prevent.
136,include,Need time local remain will.
137,tax,Government meeting political establish.
138,lot,Live candidate shake training just.
139,memory,Civil administration stand another customer statement appear hair.
140,traditional,Stage question whatever catch beyond within.
141,best,Hit air home join art imagine pull building.
142,benefit,One guess price mouth capital century heart name.
143,job,Write structure now surface somebody economic industry.
144,plan,Themselves positive door TV full huge price.
145,size,High until best somebody stay.
146,manage,Whose decision manager important carry.
147,away,Administration wait human.
148,boy,Month her maybe little.
149,believe,Happen edge front.
150,anyone,Performance dinner animal front no.
151,again,Continue although easy throw they anything.
152,necessary,Physical specific TV deal.
153,face,Green special girl surface.
154,finally,Billion woman three measure leg he great.
155,step,Light artist already office summer such near actually.
156,discover,Doctor whom eight.
157,anyone,Recently water technology evening young almost financial.
158,run,Spring animal use director.
159,agency,Financial important case what capital without about.
160,large,End work show deep you peace group.
161,wind,Toward study ahead act collection go.
162,instead,Once feeling tonight field impact.
163,water,Sort mission official.
164,artist,Company memory simple spend determine anything single.
165,successful,Prevent gas draw end worker.
166,soon,Mission true ok picture.
167,any,Deep wish doctor environmental culture allow lawyer.
168,opportunity,Cell race design agreement consumer agree child international.
169,move,Company white painting enter deep perform.
170,effort,Mouth thousand six wide team.
171,lawyer,Itself relate fill direction edge.
172,again,Occur friend physical need range figure.
173,any,Outside purpose high per range face.
174,smile,Participant dream few short attorney artist.
175,newspaper,Address seven my single next.
176,law,Military suggest meet fear sister.
177,draw,Care real on more everything sing fight.
178,before,Perform game here current.
179,beautiful,Program hand population brother relate state.
180,success,Win group old draw hotel sense.
181,decision,The weight short ok.
182,mouth,Deal human discussion sound detail recently interesting third.
183,treatment,Surface candidate challenge.
184,turn,Surface voice event investment study month.
185,include,Bank send firm pick series.
186,let,Oil police general church someone me.
187,analysis,Note blood get small large dark impact.
188,school,Start necessary rest as message cover show.
189,how,Off outside on institution teacher military.
190,middle,Continue social detail more each avoid understand.
191,involve,List page actually quickly it.
192,must,Well marriage push world involve.
193,man,Four certain spring billion.
194,standard,Quickly action human.
195,pick,Bring difference information whether role wife fast actually.
196,member,Common key above respond big.
197,buy,Expert mention account live program avoid house.
198,member,Arrive forget wife charge production.
199,up,Pretty real with any have.
200,go,Training draw clear nearly until hospital here.
201,summer,Painting Mrs feel whole.
202,sea,Impact behavior bring series political world for.
203,water,East head vote court very.
204,baby,Radio her talk.
205,standard,Role season free cold box investment current.
206,again,Join finish program future.
207,trade,Food civil pressure sport daughter prepare.
208,us,International level get there feel buy.
209,star,Go approach get series pattern sea detail.
210,gun,Work poor behind claim discussion enough majority.
211,send,Enough modern for speak force keep.
212,edge,Manager market also last hope become billion.
213,try,Down along item determine.
214,night,Job interview action build catch arm.
215,model,Message reality cultural factor open.
216,offer,Account choice ask fund drug.
217,song,He down front language himself someone about back.
218,discussion,Take purpose impact rate.
219,skin,Plan group dream.
220,coach,Describe watch whether.
221,majority,Church reality ready start worker like environmental wear.
222,group,Even avoid rule hard hundred clear head whole.
223,usually,Environment sister something he red.
224,fall,Begin address audience gas establish stay along.
225,blue,Film safe almost though.
226,fire,Approach particularly over common.
227,deep,Enjoy in ball plant training.
228,fact,Week government affect body.
229,every,Until city discuss step high exist send black.
230,cost,Analysis friend stay bank.
231,man,Represent establish new friend.
232,military,Most ready weight course line development policy.
233,change,Production which employee themselves sit next economic.
234,ok,Whatever education expert task left subject.
235,today,Financial none than medical positive majority moment.
236,relate,Herself physical cost rather heavy area.
237,great,Remain section major see value.
238,either,Become remember different two movement.
239,five,Stay far doctor to million now energy.
240,painting,Long lose great field present article.
241,because,Stock option east pick.
242,often,Public community discuss information site.
243,high,Foreign whose or stay.
244,account,Market side take watch.
245,low,Painting both let history.
246,president,Determine candidate anything power.
247,start,Wear actually miss camera theory as.
248,record,Possible whatever without.
249,employee,Believe computer able policy.
250,admit,Skin realize serious onto citizen bring.
251,throughout,Successful these look threat teach beautiful.
252,food,Draw win western eight his day everybody begin.
253,not,Walk include method foot dream.
254,high,Present man question financial support new fast.
255,my,Mouth free someone rise stuff world.
256,condition,Huge seven themselves eat notice.
257,start,Trip color agreement late approach letter foreign reality.
258,consider,Respond voice although do.
259,almost,Eat last dream do.
260,commercial,Push measure kid.
261,most,Our quickly investment find wrong.
262,after,Pm respond trial its couple above six apply.
263,involve,Dinner six seem computer we for garden alone.
264,style,Middle hand after area both most.
265,argue,Fill him support health.
266,power,Address unit choice total another involve wait maybe.
267,finish,Hit simple nice billion.
268,success,Edge be sport hot hour.
269,spend,Create hot officer authority science police edge.
270,black,Race program movement stop.
271,cut,Surface television from rather one area.
272,network,Return laugh together sea section.
273,bed,Rich wish child must vote church president both.
274,because,Hand soon citizen describe particularly either material chair.
275,ahead,Kind near land art central occur.
276,help,Career sister professor protect.
277,lot,Road what take one.
278,hundred,Skin choose hundred which buy.
279,tonight,Laugh similar success.
280,whole,Back bank director small American responsibility sister.
281,security,Media task future degree whose consider tell.
282,people,Federal receive prove read include despite.
283,how,Institution fall financial wait believe hundred.
284,how,Full work about other section chair.
285,stop,Fund mean five worker.
286,general,Artist which brother series.
287,wife,Budget need spring goal look foreign real.
288,history,White impact order attorney thousand court.
289,ahead,Everything explain industry that.
290,forward,Hour social face beat.
291,west,Least level back condition hand common entire.
292,student,Continue manager something final official need the color.
293,approach,Stop side vote fight.
294,since,Else final site evidence then crime ahead.
295,make,Relate each assume.
296,stage,Information city participant business.
297,over,Play third decision little professor.
298,data,Growth media down walk them rest.
299,simple,Become dinner seek yeah yeah market protect.
300,task,Fact off every off she understand.
301,education,Apply next can happy enter.
302,believe,Develop white it.
303,fall,Identify voice think.
304,remain,You education write southern adult.
305,meet,Speech resource give consumer him miss however.
306,million,Pull man middle.
307,seat,Budget marriage building power low military.
308,front,Tend his cut again five memory.
309,possible,Attorney blood manage her couple most.
310,industry,With significant thank onto assume local.
311,seem,Create college protect coach news place finish face.
312,majority,Carry husband same account.
313,address,Appear writer there design clear meeting cause sound.
314,her,Home old window religious tonight lawyer.
315,she,Early grow ago though.
316,stand,Republican both support stand picture none impact.
317,certain,Alone heavy become leave opportunity choose.
318,feel,Her alone attorney indeed have wide.
319,nature,Include audience name difference sign conference.
320,career,Economic physical establish after.
321,capital,From stop study million.
322,worry,Attorney several imagine well.
323,military,Education whom night then experience.
324,visit,Senior particular apply think provide.
325,yet,Best recently thing.
326,crime,Herself middle citizen available hair mean back.
327,where,Course hard something young both debate wall.
328,theory,Manager just just fine.
329,country,Alone alone move physical.
330,north,Stop car exist purpose skill arm final direction.
331,soldier,Sister remain better yet kid bed.
332,value,Hand operation reduce support television beautiful star.
333,instead,Happy model hit.
334,account,Arrive house return fear method foreign voice.
335,its,Subject list executive throw.
336,whatever,Suggest personal might sister cost.
337,trade,Fire give enjoy production discover energy forward.
338,guess,Land win else star activity election chair.
339,public,Manage hotel kid your.
340,sister,Thank traditional book.
341,cultural,Him mention positive himself world.
342,finally,Life join keep loss.
343,will,Audience I catch century allow its truth.
344,indicate,Or page recently yet that economic.
345,agent,Medical course minute.
346,power,Amount easy necessary experience player.
347,let,Century challenge future fly tend.
348,billion,Wonder character throughout candidate boy federal.
349,offer,Enjoy investment white pattern director.
350,upon,Notice usually practice drop start involve.
351,nothing,Food about personal few suffer identify.
352,such,Information growth cost level official kind.
353,happen,Even decide strong above just because board.
354,keep,Necessary gun light also child.
355,available,Finally door person yeah rule pass.
356,oil,Music Democrat director spring chair.
357,brother,Anyone with front popular.
358,region,Similar somebody hair establish continue.
359,general,Research argue process organization establish serious follow.
360,professor,Least decade town reason say best involve.
361,born,Commercial doctor free ok.
362,indeed,Simple story modern PM.
363,lot,Address mission feeling himself father and special.
364,piece,With practice what.
365,moment,Major season yet television available.
366,check,Month talk Democrat effort million safe.
367,situation,Appear high blue research.
368,oil,Age teacher half perform player nor.
369,Democrat,Along safe here control suggest.
370,stock,Under choice section bed pick play sense.
371,hold,Foot listen somebody.
372,our,Up sing environment community threat campaign high.
373,international,Girl note down.
374,leg,By various music card.
375,hold,High difference learn character center improve point before.
376,kitchen,Stock matter center future.
377,south,There drive study quality visit cell.
378,start,Five nation travel stuff report.
379,notice,Maybe for also drop culture land.
380,quite,National employee you set similar.
381,itself,Miss degree party nation hour information will.
382,professional,South street say history town.
383,relate,Bring story soon baby head PM.
384,force,Room finally firm agree.
385,have,Appear in most meeting shoulder food natural.
386,scene,Become each natural through.
387,assume,Send market risk offer.
388,suggest,Financial care camera method above surface.
389,doctor,Anything student blue their imagine like.
390,notice,Drive section training food.
391,series,Federal serious discuss once.
392,meeting,Next imagine join push wrong approach.
393,until,Run economic there bring rock.
394,history,Reflect every few event society name.
395,voice,Edge quality affect artist outside late.
396,example,Piece various newspaper exactly leg else.
397,south,Ground raise program however.
398,everything,Thought although address effect agent.
399,few,Politics here past appear daughter writer per.
400,let,Build firm cultural them culture.
401,top,Girl create speak sport through west measure.
402,article,Play smile six authority.
403,trip,The present forward nature.
404,marriage,Line social like especially.
405,enjoy,Build center involve.
406,usually,System attorney front shake.
407,account,Nice public teacher stock.
408,high,Now wait full option.
409,front,Already common seven management add.
410,international,Financial tax western capital so which pretty.
411,sure,Result politics later.
412,certainly,Recent reduce officer something memory.
413,computer,As training child.
414,ten,Pass per daughter white happy to.
415,money,Commercial law soon.
416,pull,Though floor per product two bit.
417,relationship,Painting however resource fund.
418,yet,Later religious believe air run until give.
419,not,During one laugh everyone assume.
420,door,Per leg project rather.
421,yet,Write painting section personal system.
422,ago,Century decade strong start budget big after medical.
423,PM,Sister course mother authority if street.
424,eight,Affect century lawyer decide power party official professional.
425,lead,Worry special hit grow field reason.
426,per,He rule under share huge.
427,particularly,Up investment story discussion.
428,shoulder,City peace reach where grow operation.
429,human,Option about article fight.
430,everyone,Despite finally anything guess finish seem board.
431,space,Eight deal boy similar feel product.
432,wait,Shake sound clearly second.
433,woman,Relate spring either blood general today.
434,movie,Great everybody lead television.
435,short,Fire general official chance.
436,population,Window sure blue grow.
437,ever,Exactly against friend start commercial direction pattern.
438,same,Perhaps describe spend its start.
439,school,Huge since evening account.
440,seven,Anything weight party.
441,at,Capital little white well.
442,center,Form mention significant establish network event I by.
443,then,Cultural walk option field add.
444,ready,Possible financial despite hour.
445,employee,Ability project hit choice ability little along huge.
446,too,Shoulder card fear right single my yes.
447,knowledge,Day put they home.
448,seat,Appear father require character down plan education.
449,adult,Water site respond.
450,process,Back full whole purpose.
451,month,Way rock art red.
452,form,There someone audience future goal.
453,real,Total north activity speech.
454,purpose,Decade seat national family.
455,hour,Party him energy.
456,six,Seat people however likely organization good.
457,democratic,East unit me.
458,impact,Spring detail make whose cover assume.
459,recognize,Main specific help usually tonight sense.
460,member,State believe nearly head help share appear.
461,common,Where yeah college.
462,inside,Good ball who want population.
463,item,Couple else never military hour image future.
464,those,Single Congress house story also.
465,start,Support reflect better provide her.
466,various,Race movie at set challenge college most.
467,course,Police travel plant general try.
468,culture,Seem true future collection throw.
469,during,Morning way take amount.
470,put,Whatever stuff read.
471,sound,Receive suddenly although head kid enjoy I garden.
472,should,Share available skin personal operation.
473,for,Employee table whose to commercial remember.
474,line,Notice important fine pattern major always several fund.
475,lot,Approach ago behind like loss bit west.
476,nation,Drive energy than individual middle might fact.
477,cell,Language employee dream.
478,during,Happy voice computer best sit.
479,support,Somebody theory between meet suddenly four.
480,class,Knowledge hot leg wife final exactly.
481,window,Within people season share only.
482,without,Thousand back move parent expert.
483,offer,Produce despite child that.
484,no,Lawyer effect such trouble site.
485,the,Floor cover concern level chair.
486,drug,Better serious whole sport design near represent care.
487,standard,First water degree charge enough sure.
488,safe,Mean begin stuff total.
489,anyone,Minute long personal fly.
490,answer,Owner figure me job forget trial.
491,group,Piece campaign statement strong.
492,human,Knowledge mention agency safe teacher down chair soon.
493,fire,Glass return business space parent loss.
494,happy,Machine company theory run.
495,affect,No performance option person blood forward side.
496,reason,People plant security work our both article.
497,improve,Culture five point before.
498,pressure,Whom list positive it case threat huge always.
499,natural,Even lose common light.
500,common,Fine investment office close though live.
501,right,Indeed doctor government environmental consider.
502,model,State rich customer require.
503,control,Include break hotel growth effect.
504,thank,Project quite sign student truth might third.
505,become,Gun blood group top collection western.
506,hundred,Last place back.
507,over,Color view let enjoy.
508,small,Bank vote keep drop age defense type establish.
509,way,Network cup few cold.
510,think,Agent stock movie year government reveal father.
511,rather,Act decide oil contain happen.
512,senior,Sit see well financial whom write this.
513,court,Little tonight often soldier.
514,other,Put keep produce agent even cup look whether.
515,religious,Writer suffer magazine reveal visit letter reach.
516,threat,Room lose candidate reason child oil cut.
517,no,Water million relationship draw might hair news.
518,listen,West discover reality magazine nation leg.
519,himself,Magazine bed lead message get.
520,understand,Research benefit fly under.
521,feeling,Cell beat page wall prepare sort.
522,sort,Check quite walk response western.
523,when,Chair writer low successful large art bag.
524,reflect,Agreement election create smile night.
525,majority,Let every bill house western.
526,always,Available arm treatment skin summer door.
527,different,Prepare who realize bring.
528,social,Affect who world owner throw benefit street.
529,reflect,Degree green top up create.
530,point,Second the true.
531,professional,Reduce ago line.
532,prove,Still rock thousand simply me best.
533,third,Save firm tax bill one already agreement me.
534,bring,Assume evidence to act source cost be.
535,professional,Particularly statement benefit weight prevent mouth change.
536,agreement,Crime success senior source quite.
537,human,Relationship power whole.
538,rather,Mission least into ago federal commercial responsibility.
539,each,Add difficult black remain.
540,wrong,First hand leader already.
541,them,Later discover significant seven yourself role.
542,between,Season less pull social likely must paper buy.
543,morning,Ground perhaps clear wait yard claim.
544,list,Determine forward rest animal actually mind.
545,read,Manage shoulder scene close himself.
546,from,Act whole example fight fast less despite.
547,happy,What which surface police.
548,along,Entire policy growth response trouble best window.
549,include,Window performance bad important film wish nothing.
550,into,News well service often send spring still.
551,picture,Issue book administration commercial your wait within.
552,ok,Quite expert experience seem or member.
553,difficult,Also heavy third whose party recognize agree watch.
554,property,Appear travel rich hot chance.
555,prevent,Rule social guess state character to.
556,feel,Memory indeed finish half current painting.
557,reality,Admit security town main pull station officer.
558,production,Live example themselves enter.
559,everybody,Girl vote although station.
560,rest,Sense pull identify whose.
561,wall,Remember focus between news despite.
562,term,Expect under opportunity second.
563,during,Research usually carry look compare.
564,consider,Interest someone left page wide.
565,measure,Main education black attorney station newspaper market.
566,difference,Study check continue popular particularly author.
567,she,Religious it past purpose.
568,detail,Deep catch which big choice war.
569,word,Human center go.
570,idea,Worker dark pick senior instead.
571,board,Piece stock require choose.
572,land,Look day blood kid try affect.
573,out,Experience suddenly can south subject.
574,goal,Yourself anyone entire town senior entire six.
575,building,Exist ten trial.
576,actually,Color leave could ahead thought president.
577,game,Our too main business if discuss.
578,chance,Range specific order relate major until.
579,stop,Team door national fly from term these.
580,provide,Tonight claim do.
581,trade,Number various easy instead in.
582,local,Fact about suggest especially.
583,seat,Issue bring discover reveal decide fall line.
584,development,Parent establish else many there carry.
585,technology,Everybody each team late scene.
586,campaign,Sell seem whose loss.
587,him,My either eye air establish ability gun pattern.
588,Mr,Several ready month thought study.
589,order,Activity theory over discussion provide purpose.
590,economy,Could nearly throughout personal million structure executive sell.
591,development,Any and question level.
592,improve,Teach one approach pay word clear.
593,decide,Administration majority night part author likely.
594,each,Trade must degree weight hot reality.
595,degree,Age again keep prepare recognize.
596,eight,Human eye stock I upon will.
597,wear,Traditional but young cost.
598,true,Beyond professional kid laugh dog power heavy.
599,several,Majority big several message culture.
600,bank,Take democratic mother too.
601,term,Practice line since though will Republican.
602,beat,Score about yeah mother machine several.
603,medical,Customer oil onto capital option her.
604,language,Professional his base special.
605,fund,Reality despite painting power him.
606,several,What seek movement easy sometimes performance.
607,deep,Likely yeah day story majority report.
608,spring,Civil power role east.
609,source,Dinner station rock Republican name wear several.
610,analysis,Surface education we.
611,sure,System nation friend eye staff key property.
612,window,Science book final wrong week trade car.
613,leader,Tend send give son get.
614,administration,Administration mind radio good check today.
615,study,Threat bag nice main I reduce movie hair.
616,forward,Fill game program pretty.
617,enough,Here safe us force person.
618,our,Drive action well alone per.
619,raise,Tv language future do.
620,will,Employee religious information their.
621,relate,Accept it something people.
622,nice,Here why which life.
623,accept,Study have coach knowledge guess.
624,grow,Board worker writer involve method clear.
625,receive,Team his scene we system decision we.
626,the,Little raise piece lot.
627,successful,Employee threat animal animal shoulder reflect.
628,treatment,Take understand billion among industry soldier.
629,cost,Billion serious value.
630,understand,Term rest front idea hotel middle run.
631,daughter,Give join foreign lot little executive.
632,discuss,Identify manager social arrive doctor culture.
633,modern,Who among stuff hand sea go.
634,service,Pick above six wall message.
635,career,Indicate car floor series behavior.
636,fire,Green method now worry ball white.
637,these,Visit view least according shake.
638,spend,Me participant wish Congress.
639,run,Capital however church such want wife.
640,now,Tax section car discuss perhaps campaign class.
641,color,Us itself special hard environmental table several.
642,big,Want draw although beautiful school alone.
643,door,Operation food we bag after.
644,share,Pay teach scene white consider true.
645,onto,Heavy recognize lawyer.
646,maybe,Every between movement much.
647,movement,Appear control us turn keep give open.
648,goal,Late responsibility capital school cost individual.
649,style,Never leader every thought apply.
650,change,Network together yourself war official two new.
651,should,Trade include society.
652,factor,Hair consider mention radio ten spend.
653,how,Citizen all always her improve soldier go.
654,claim,Body best almost something range.
655,year,Standard organization air few race where.
656,board,Very there stuff black.
657,administration,Happen even design like then question.
658,thank,My those he coach necessary far.
659,federal,Head oil concern low phone.
660,might,Book form people life current.
661,movement,Might read win hot ok fight concern.
662,career,Wind program article campaign sister personal.
663,throughout,Manage story notice great majority.
664,use,Behavior same here show couple peace.
665,need,Direction teach activity home degree.
666,woman,Wonder can beat result there.
667,data,Only on factor according view leg staff former.
668,laugh,Budget message everyone view entire report.
669,it,Good decade create or improve season.
670,south,Let right physical final its food edge level.
671,all,Plan avoid reason return walk rather development.
672,buy,Listen key white.
673,doctor,Improve specific large by test.
674,cultural,Picture seat number alone.
675,environment,On room cut resource.
676,film,Serious source quality reflect operation last.
677,might,Source about I only.
678,analysis,Program idea increase act bit project institution.
679,prevent,Dark manager table ok.
680,people,Stage nation week less letter think over.
681,article,Total mention dinner boy activity mission.
682,on,Open dog leg allow all race.
683,class,Stock back study college difference six indeed.
684,history,Guess through dinner certain record technology morning.
685,apply,Weight cup think last bill seven son.
686,indicate,New professional force such believe design letter.
687,everyone,Look future economy since audience what current.
688,money,Tough real employee only and suggest.
689,wind,Crime catch last suddenly effort four response.
690,official,Good however study.
691,through,Owner dark bill letter get car smile.
692,field,Majority level technology fund.
693,least,Sell build news old.
694,fine,Coach especially rest network remain.
695,fight,Range others describe.
696,front,Also trouble read protect age.
697,low,Kid far station risk enter stand another power.
698,put,Will do anyone commercial side.
699,computer,Everything military serve sound teacher.
700,here,Citizen little successful table.
701,sit,Race positive now two Congress will agreement.
702,attack,Your step court argue unit central eat.
703,off,By security region kid behind chance son concern.
704,question,Food sell difficult clear church.
705,front,Become help executive.
706,door,Cold mouth water information already.
707,despite,Election only person image guess state.
708,measure,Add trip mouth commercial month.
709,official,Girl beyond hit bed.
710,debate,Artist feel language home.
711,I,Quite specific own still poor.
712,everything,Store far among color.
713,wind,Hand nor inside trial low less nature.
714,catch,Image dream thank war plant.
715,four,Show peace gas six while floor ready.
716,within,Compare respond send special throw factor agreement.
717,rate,Deal tend painting hard audience watch small.
718,despite,None morning music arrive oil plan far.
719,head,With property stock happy moment mean heavy reduce.
720,wrong,Family chance yeah foreign brother specific identify.
721,action,Standard travel campaign light push.
722,life,Season worry pay cold after weight thus.
723,nearly,Nature and contain everyone.
724,discuss,Language few seem wife point soon.
725,network,Contain plan sometimes ground watch.
726,address,Exist compare somebody simply catch day.
727,improve,Subject kid own many.
728,fact,Force voice fact standard notice another structure.
729,sell,Contain bit despite.
730,sometimes,Crime agency reason eat.
731,few,Plant challenge prevent figure.
732,century,Herself dog policy.
733,party,Former production off one television project yes.
734,talk,Word difference past later.
735,evening,Product couple kid computer shoulder scientist walk.
736,situation,Environmental next return young budget.
737,gun,Cut minute teacher check different.
738,education,Set thousand main provide.
739,interview,Anyone own break political citizen part cultural develop.
740,development,Eight purpose particularly.
741,hundred,Class process class view right among.
742,group,Alone why general push model modern.
743,himself,Sing believe vote.
744,water,Page like owner call enjoy catch.
745,place,Inside politics reality practice with cultural spring.
746,because,Sort strong station hit finally front attack.
747,response,One involve us per about.
748,whole,Management send pay gas.
749,final,Reduce husband fall green green necessary.
750,within,Behind president hard TV red.
751,whatever,Network every organization ten issue catch important.
752,center,Per throw home personal eye affect.
753,magazine,Again community store area.
754,statement,Prevent question shoulder buy dinner themselves during.
755,small,Edge opportunity leg piece table determine vote expect.
756,happen,Serious poor church investment.
757,nor,Property appear allow call rest to.
758,already,Billion development research response.
759,man,Structure peace ground number.
760,computer,Bed must above throw community unit difficult.
761,participant,Success country everything record really occur.
762,large,Check deal audience own.
763,knowledge,Store sell system town several.
764,board,Professor little simple this serious most contain.
765,service,Particular father respond defense green.
766,avoid,Door those crime economic finally school.
767,wall,However room system miss yourself.
768,specific,Either enjoy remain.
769,teacher,Their might probably describe.
770,dark,Without job write staff candidate result character.
771,each,Court investment prepare rise.
772,TV,Popular theory produce worry.
773,rise,Building work sing you door.
774,bad,Per few something finally.
775,concern,Certain discuss grow crime adult.
776,lot,Heavy thus television former different off.
777,nearly,Western current wait anyone surface able total.
778,rest,Hospital dark show peace action.
779,rise,Case left eight.
780,line,Force laugh million purpose analysis which.
781,central,Perhaps option else card suddenly civil.
782,story,Seem sometimes source husband magazine.
783,chance,Away entire bank standard party unit idea.
784,very,Challenge million dream.
785,set,Player PM risk large owner while resource.
786,task,Good pay lay evening around.
787,if,Issue since risk resource list rock.
788,another,Power space his research history international health voice.
789,statement,Herself dark power history option because knowledge.
790,even,Find visit reality west high character close.
791,born,Owner care fish writer.
792,do,Building section scientist.
793,food,Employee early model difficult detail.
794,position,Bit writer day old.
795,brother,Hold two sell crime.
796,discuss,Money old catch should author front.
797,car,Air magazine parent safe.
798,increase,Drive present control sing value Mrs.
799,garden,Become try season word.
800,certainly,Improve power fund trip her land base.
801,popular,Civil boy easy support would chance sister.
802,hotel,Instead consider adult film.
803,guess,Amount authority this million field.
804,level,Law decide may raise even get garden.
805,education,Age far method certain.
806,center,Full whole outside front kitchen system happy.
807,form,Take ago figure support.
808,here,World how boy range three professional tell.
809,act,Along shoulder form.
810,clearly,Result wide color author ago suddenly hope media.
811,new,Actually industry national late under design.
812,example,Decision nor move field place PM.
813,prevent,During recent firm so she improve.
814,long,From reason check the tax.
815,coach,School hot become whole.
816,itself,Surface analysis argue red.
817,church,Day model fall though dog simple.
818,away,Model best book that decision type manager.
819,represent,Style understand glass group assume.
820,wonder,Defense movement lawyer pressure real should huge least.
821,education,Card stock truth because first.
822,the,Writer mouth discussion west hotel population.
823,buy,Born subject dog tree PM perform significant edge.
824,record,Minute blue six between.
825,agree,Both stay report left wife.
826,card,Anyone edge kind art former glass.
827,even,Yeah main receive process budget prevent.
828,medical,Yeah suggest collection career better.
829,least,Next present read heart subject.
830,although,Suddenly drop media real staff.
831,true,Without property national compare officer audience.
832,evidence,Senior positive meet house.
833,town,Environment this activity improve care leader hotel.
834,director,Right visit product already cost family new.
835,college,Save support eight claim dark.
836,military,South affect rate Congress.
837,major,Easy child policy training ability government.
838,camera,Check blood member why south help.
839,there,Head idea majority manage bag really animal.
840,position,Police adult different tough.
841,too,Color nice list affect blue.
842,drop,Along concern three good generation region.
843,leave,School treatment third between clearly.
844,information,Bed we how teacher.
845,what,How figure role science artist.
846,down,Research chair performance nor reach inside.
847,town,Western place address decide subject herself.
848,establish,Pattern fast always parent type surface.
849,ever,President they likely among.
850,little,Side have build road leader stay.
851,they,Anything democratic away return best low think.
852,best,Body goal might by.
853,this,Executive man head friend.
854,well,Their increase public much ok.
855,find,Item body red political.
856,where,For expect outside actually anything Republican.
857,year,Heavy lawyer be learn.
858,enjoy,Them onto develop Congress study.
859,single,Word fall piece statement weight.
860,opportunity,Character along able spring economy hundred major.
861,cost,Pattern early something thought report.
862,however,Whatever expert employee approach.
863,set,Billion civil pass according job wait recognize.
864,seven,Per those represent town send.
865,various,Say fine ask fast industry federal street.
866,century,Begin some or we ground right but.
867,case,Offer exactly computer mind.
868,money,Artist director leader responsibility.
869,most,Free such instead mission.
870,animal,Idea parent role listen off happy fact.
871,each,Traditional since building send college party.
872,improve,Learn coach answer network.
873,modern,Vote capital land detail.
874,magazine,Star film source yourself share career.
875,table,I American red discussion room region decade.
876,deep,International child rule huge.
877,citizen,Certainly arm star exist scene pass among.
878,at,Space technology dog arm poor second future.
879,among,Of we bad future.
880,great,Much pattern risk there poor.
881,discuss,Court specific forward team.
882,quickly,Box ever explain night food follow.
883,do,Sometimes hour bad service sister account.
884,none,End that animal you save.
885,simple,Than audience success.
886,partner,Various plan decide bring everyone center.
887,question,Machine until opportunity notice.
888,stand,Traditional check one rest TV state.
889,energy,Exactly morning many sport between range.
890,keep,Material sister professional we Democrat democratic system.
891,break,Throughout effort allow believe.
892,manager,Window spend prepare later compare.
893,work,Article compare project forget man present.
894,agree,State training candidate call.
895,down,Full perform sell describe last pretty child full.
896,after,Author raise organization appear.
897,north,Red when audience support.
898,big,Development agency recognize buy perform receive opportunity.
899,cause,Another too gas may stage weight bring whole.
900,return,Southern always street tough report these walk.
901,usually,Forget worker five case investment social leg.
902,too,Trade modern industry yourself drug.
903,picture,Society as same class attorney southern onto attorney.
904,strong,Only hotel you behind should.
905,culture,Pm outside speak speak two store.
906,maintain,Win economy bed.
907,idea,Program center able marriage listen.
908,doctor,Involve stop budget personal.
909,focus,Enough natural determine dark else.
910,type,Vote doctor over by run.
911,present,East argue since vote science.
912,lay,Wonder land arrive order.
913,song,Approach this be particular agent property those.
914,account,Night trade economy anything clear fight smile.
915,every,Area sing difference admit draw.
916,debate,Statement local admit behind five.
917,sound,Adult bill training outside bar analysis.
918,man,Southern change crime use environmental white.
919,case,Budget effort paper watch why part develop many.
920,realize,Strategy gun board evening dinner they community least.
921,fine,Piece half century process impact.
922,less,Back low help however positive understand as spend.
923,health,Poor drop own make.
924,entire,Letter garden what year message painting.
925,themselves,Land cell rest alone eye several.
926,ground,Kitchen top try social future.
927,our,Work threat draw or sign address.
928,up,Spring behind term.
929,moment,Despite cell identify change people how nothing.
930,prove,Beyond stock ground meet reduce already smile.
931,power,Effort imagine just discuss quite although sense live.
932,situation,National machine citizen perform bring family after give.
933,go,Simply program economy live reach community hospital nor.
934,other,Here pull relate garden hotel customer.
935,particularly,Affect measure section yard increase.
936,record,Because onto war experience.
937,whom,Million arrive general power both.
938,recently,Practice degree participant sound education there.
939,long,Century probably parent game prove outside.
940,official,Too training far suggest beautiful.
941,become,Yourself time current meeting.
942,water,Right admit bit although part.
943,leg,One resource team tax goal pay space.
944,allow,Door item I ground improve lose.
945,bank,Issue move big direction crime.
946,company,Own color stop.
947,mean,Politics another push create.
948,instead,Financial production security imagine sea table.
949,paper,School lawyer start better.
950,international,Choice scene Mr.
951,guy,Guy activity something capital care face send religious.
952,they,Mind need industry leave especially career among.
953,bill,May late page worry draw career.
954,him,Board color space beautiful individual.
955,water,Process everyone trade at movement feel.
956,while,Question significant find pick when back.
957,throw,Heart whether movement employee store hair.
958,recognize,Never conference each suggest.
959,onto,Standard item condition agree sort these.
960,history,Memory focus worker simply writer still organization.
961,car,Sell candidate always sister prepare teacher case next.
962,between,Lead share whose thousand couple father.
963,reach,Enjoy could best writer card argue.
964,left,Hotel kind call strong.
965,else,Price lose painting clearly.
966,middle,Ball baby store card economic avoid themselves.
967,blood,Just never senior life carry mention thousand.
968,study,View learn well sure foreign.
969,water,Detail low campaign politics couple.
970,evidence,Ago reflect when.
971,defense,Half maintain weight time through open one.
972,city,Into point receive entire.
973,unit,Traditional window can PM center discover long our.
974,away,Enjoy under probably system.
975,cell,Indeed morning kitchen high although last.
976,could,Prepare down staff.
977,strategy,Play method forward usually.
978,about,Industry without statement local quite compare.
979,board,Believe claim million force.
980,treat,Knowledge door child wall none drive.
981,enjoy,Garden alone expert see.
982,state,Movie behavior per involve few serious various.
983,will,Effort use ready item compare.
984,notice,Much evening test improve industry do military.
985,claim,Food cut happen hair quickly.
986,hair,Office type white our heart you.
987,same,Could election build.
988,condition,Exist teach concern nothing beautiful music live staff.
989,however,Or Democrat already case enough question media.
990,role,Sister practice away skill.
991,choice,Fear pass woman student.
992,model,Within in soon fine than manage administration.
993,inside,Agency music seem.
994,fight,Southern data rate occur force team.
995,source,Goal safe executive yet matter question.
996,hope,Mean party coach yeah able clearly common.
997,direction,Down that collection.
998,couple,Brother game heavy writer attention.
999,discussion,Life Mrs course former wife create share toward.
