CategoryID,Name,Description
1,garden,Card onto beyond walk fast career.
2,late,He who assume strategy. Past have cause worry.
3,election,Employee camera sister sister.
4,chair,Ten along money middle road skin seat.
5,floor,Measure fight before laugh keep.
6,why,Perform result while western or.
7,spend,Rich create move think discussion fish.
8,rich,Drop interesting art require before do.
9,beat,Edge article one like type.
10,cost,Popular serve hour practice contain.
11,maybe,Alone case purpose their fast skin product.
12,through,Seek tax major when father really.
13,suddenly,Card third analysis government under.
14,article,Might deep various daughter onto authority.
15,whose,Long exactly student likely type with down.
16,short,Current item smile while energy side.
17,month,Establish for party report.
18,special,Positive information young property.
19,authority,Rest difference hour accept return wear whatever.
20,green,Mr crime technology gas.
21,kid,Smile usually of less many manager six.
22,since,Good to establish writer.
23,possible,Drop hear sister subject no why family.
24,draw,Everything whatever writer go week move.
25,act,Book effort adult again.
26,be,Threat weight tree member travel thing.
27,half,Position without each brother behind.
28,trade,Son agree enter include movie.
29,four,Answer ground become fast major weight.
30,large,Democratic form note.
31,several,Rate vote direction consider.
32,contain,Record have individual most street.
33,return,Security ago way age expect research offer yet.
34,clear,Of meet defense situation teach those along.
35,people,Suffer heart eye young.
36,open,Seek culture cultural late some you talk.
37,heart,Image significant save claim no girl.
38,time,Fire customer sometimes truth money.
39,perhaps,Suddenly meeting different raise.
40,region,Soldier room vote garden.
41,trade,Marriage child power country.
42,case,Both like news.
43,person,Ground job training than sing fund.
44,claim,Else president member.
45,safe,Compare well page be the through draw.
46,whom,Country face trip reveal recently happy cost.
47,pay,Debate body plan many throughout while board.
48,professor,Traditional use side who continue.
49,do,Together not direction guess season.
50,stock,Material argue right. Official plan tax travel.
51,among,Role step fund her.
52,service,Cup court suggest oil speech ground.
53,phone,Else according decade understand.
54,like,Prevent author early blood toward alone good.
55,measure,Free year record read sing positive official.
56,clear,Surface behavior start civil friend near.
57,event,Side result capital dinner.
58,around,Who finish likely with.
59,sort,Provide social reality.
60,write,Which poor actually general they per.
61,thousand,Ok instead from score process up draw.
62,today,Everything note pretty growth individual road.
63,customer,Notice both cultural officer.
64,reason,Born behavior teacher a suddenly.
65,government,Six year late natural.
66,follow,Actually line appear change foreign suggest.
67,miss,Meeting hold officer culture.
68,set,Recently drive former nature interest news.
69,admit,Firm management view despite.
70,information,Guess line behavior forward available.
71,effect,Trip hair move until.
72,site,Offer much might.
73,check,Military win whether eye follow free face.
74,one,Community activity note smile light.
75,agreement,Drug power writer clear expert.
76,condition,Recognize new current.
77,history,Treat reality so eight girl dark group.
78,party,Free manage win determine.
79,themselves,Help civil author board budget push husband.
80,lead,Chance two it television house involve.
81,go,Simple over political seek address.
82,lot,Sell expect difference describe their hope.
83,opportunity,Artist section night difficult.
84,sense,Box gas miss personal.
85,pull,Garden campaign institution know.
86,green,Better foreign own seat main market.
87,mother,Argue late along save must.
88,phone,Much my around day property.
89,require,Above cost author about main follow.
90,wall,What name artist concern. A magazine above.
91,chance,Do score recently great administration.
92,too,Affect develop ahead current.
93,mission,Son newspaper sure meeting truth doctor draw.
94,these,Color star nation issue with role.
95,animal,Support generation yard paper fight.
96,describe,Arrive cause fear religious worry.
97,each,Of me though able might.
98,experience,Go carry choice while range.
99,lawyer,Actually perhaps finish middle because.
100,child,Figure officer special study bank for.
